{"stats":{"minecraft:mined":{"minecraft:grass_block":5,"minecraft:oak_log":12,"minecraft:dirt":6,"minecraft:stone":8},"minecraft:used":{"minecraft:wooden_axe":7,"minecraft:chest":1,"minecraft:wooden_pickaxe":8,"minecraft:crafting_table":1,"minecraft:furnace":1,"minecraft:egg":1,"minecraft:cooked_beef":2},"minecraft:crafted":{"minecraft:cooked_beef":2,"minecraft:oak_planks":32,"minecraft:crafting_table":1,"minecraft:stick":4,"minecraft:wooden_pickaxe":1,"minecraft:wooden_axe":1,"minecraft:chest":1,"minecraft:furnace":1,"minecraft:air":0},"minecraft:dropped":{"minecraft:wheat_seeds":2,"minecraft:diamond":64},"minecraft:picked_up":{"minecraft:leather":1,"minecraft:oak_log":12,"minecraft:dirt":11,"minecraft:diamond":1792,"minecraft:wheat_seeds":3,"minecraft:beef":3,"minecraft:cobblestone":8,"minecraft:egg":1},"minecraft:custom":{"minecraft:time_since_rest":8624,"minecraft:sprint_one_cm":22389,"minecraft:interact_with_furnace":3,"minecraft:damage_taken":230,"minecraft:walk_one_cm":34207,"minecraft:mob_kills":1,"minecraft:drop":3,"minecraft:damage_dealt":100,"minecraft:interact_with_crafting_table":4,"minecraft:fly_one_cm":45125,"minecraft:open_chest":2,"minecraft:play_time":8624,"minecraft:jump":217,"minecraft:leave_game":1,"minecraft:time_since_death":8624,"minecraft:climb_one_cm":208,"minecraft:total_world_time":8624,"minecraft:fall_one_cm":4326},"minecraft:killed":{"minecraft:cow":1}},"DataVersion":3465}