{"stats":{"minecraft:mined":{"minecraft:grass":2,"minecraft:acacia_log":2,"minecraft:acacia_leaves":3},"minecraft:crafted":{"minecraft:acacia_planks":8},"minecraft:used":{"minecraft:acacia_sapling":1,"minecraft:acacia_planks":8},"minecraft:custom":{"minecraft:jump":146,"minecraft:time_since_rest":11609,"minecraft:damage_dealt":25,"minecraft:leave_game":1,"minecraft:sprint_one_cm":17284,"minecraft:play_time":11609,"minecraft:damage_taken":220,"minecraft:time_since_death":11609,"minecraft:walk_one_cm":6290,"minecraft:climb_one_cm":765,"minecraft:total_world_time":11609,"minecraft:fall_one_cm":4578,"minecraft:fly_one_cm":27010},"minecraft:picked_up":{"minecraft:acacia_sapling":1,"minecraft:acacia_log":2}},"DataVersion":3465}