{"stats":{"minecraft:killed_by":{"minecraft:vindicator":1,"aquamirae:anglerfish":1},"minecraft:killed":{"minecraft:zombie":5,"minecraft:pig":3,"minecraft:vindicator":3},"minecraft:mined":{"minecraft:dark_oak_planks":4,"minecraft:hay_block":18,"minecraft:spruce_planks":5,"minecraft:white_bed":1,"minecraft:dark_oak_slab":1,"aquamirae:wisteria_niveis":1,"minecraft:crafting_table":3,"minecraft:dark_oak_stairs":1,"minecraft:jungle_stairs":2,"minecraft:grass":98,"minecraft:grass_block":2,"minecraft:oak_log":7,"minecraft:chest":1,"minecraft:dirt":1,"minecraft:packed_ice":30,"minecraft:tall_grass":10,"minecraft:spruce_slab":1},"minecraft:dropped":{"minecraft:sugar_cane":3,"gravestone:obituary":1,"pfm:furniture_book":1},"minecraft:custom":{"minecraft:time_since_rest":502,"minecraft:sprint_one_cm":127615,"minecraft:damage_taken":750,"minecraft:walk_one_cm":54121,"minecraft:mob_kills":11,"minecraft:drop":5,"minecraft:damage_dealt":2234,"minecraft:open_barrel":14,"minecraft:swim_one_cm":31166,"minecraft:interact_with_crafting_table":4,"minecraft:fly_one_cm":299637,"minecraft:open_chest":34,"minecraft:crouch_one_cm":1386,"minecraft:play_time":31512,"minecraft:deaths":2,"minecraft:sneak_time":441,"minecraft:walk_under_water_one_cm":5108,"minecraft:jump":976,"minecraft:leave_game":1,"minecraft:time_since_death":452,"minecraft:walk_on_water_one_cm":4987,"minecraft:climb_one_cm":99,"minecraft:total_world_time":31512,"minecraft:fall_one_cm":27399},"minecraft:used":{"minecraft:wooden_axe":2,"minecraft:wooden_hoe":29,"minecraft:apple":11,"minecraft:bread":1,"minecraft:iron_axe":30,"minecraft:oak_planks":1,"minecraft:spruce_planks":5,"minecraft:iron_sword":14,"minecraft:wooden_sword":23,"minecraft:dirt":1,"minecraft:crafting_table":3},"minecraft:crafted":{"minecraft:wooden_sword":1,"minecraft:oak_planks":28,"minecraft:wooden_hoe":1,"minecraft:iron_axe":1,"minecraft:crafting_table":1,"minecraft:stick":8,"minecraft:iron_pickaxe":1,"minecraft:wooden_axe":1,"minecraft:iron_sword":1},"minecraft:picked_up":{"minecraft:dark_oak_slab":1,"minecraft:stick":1,"minecraft:crafting_table":3,"minecraft:salmon":2,"minecraft:porkchop":7,"gravestone:obituary":1,"minecraft:oak_log":7,"minecraft:white_bed":1,"minecraft:white_banner":1,"minecraft:dirt":1,"minecraft:dark_oak_planks":4,"minecraft:rotten_flesh":4,"aquamirae:wisteria_niveis":1,"minecraft:jungle_stairs":2,"minecraft:wheat_seeds":6,"minecraft:spruce_planks":5,"minecraft:hay_block":18,"minecraft:emerald":2,"minecraft:spruce_slab":1,"minecraft:sugar_cane":3,"minecraft:cod":2,"minecraft:snowball":1,"minecraft:dark_oak_stairs":1}},"DataVersion":3465}