{"stats":{"minecraft:killed_by":{"minecraft:skeleton":1},"minecraft:mined":{"minecraft:acacia_leaves":3,"minecraft:birch_log":6,"minecraft:birch_leaves":1,"minecraft:crafting_table":1,"minecraft:grass":2,"minecraft:acacia_log":4,"minecraft:oak_log":6,"minecraft:tall_grass":1,"minecraft:stone":15,"minecraft:oak_leaves":1,"minecraft:fern":1},"minecraft:used":{"minecraft:stone_sword":5,"minecraft:birch_planks":5,"minecraft:stone_pickaxe":6,"minecraft:wooden_pickaxe":9,"minecraft:crafting_table":2,"minecraft:acacia_sapling":1,"minecraft:acacia_planks":8},"minecraft:crafted":{"minecraft:oak_planks":24,"minecraft:crafting_table":1,"minecraft:stick":12,"minecraft:wooden_pickaxe":1,"minecraft:stone_pickaxe":1,"minecraft:stone_sword":1,"minecraft:acacia_planks":12,"minecraft:birch_planks":24},"minecraft:picked_up":{"minecraft:birch_log":6,"minecraft:crafting_table":1,"minecraft:acacia_log":3,"minecraft:oak_log":6,"minecraft:beef":5,"minecraft:acacia_sapling":1,"minecraft:cobblestone":15},"minecraft:custom":{"minecraft:time_since_rest":7033,"minecraft:sprint_one_cm":38551,"minecraft:damage_taken":315,"minecraft:walk_one_cm":28659,"minecraft:mob_kills":2,"minecraft:damage_dealt":249,"minecraft:interact_with_crafting_table":3,"minecraft:fly_one_cm":63797,"minecraft:crouch_one_cm":472,"minecraft:play_time":19875,"minecraft:deaths":1,"minecraft:sneak_time":236,"minecraft:walk_under_water_one_cm":939,"minecraft:jump":355,"minecraft:leave_game":2,"minecraft:time_since_death":7006,"minecraft:walk_on_water_one_cm":643,"minecraft:total_world_time":19875,"minecraft:climb_one_cm":765,"minecraft:fall_one_cm":9972},"minecraft:killed":{"minecraft:cow":2}},"DataVersion":3465}