{"stats":{"minecraft:killed_by":{"minecraft:zombie":1,"endermanoverhaul:snowy_enderman":1},"minecraft:killed":{"minecraft:pig":10,"crittersandcompanions:ferret":2,"minecraft:spider":2,"minecraft:sheep":6,"minecraft:horse":1,"minecraft:zombie":5,"minecraft:chicken":4,"crittersandcompanions:shima_enaga":1,"minecraft:cow":8},"minecraft:mined":{"minecraft:crafting_table":1,"minecraft:cornflower":1,"minecraft:torch":1,"gravestone:gravestone":2,"minecraft:poppy":1,"minecraft:tall_grass":14,"minecraft:cobblestone":1,"minecraft:sugar_cane":1,"minecraft:wall_torch":5,"morevillagers:woodworking_table":1,"minecraft:yellow_bed":2,"minecraft:grass":84,"minecraft:oak_log":15,"minecraft:coal_ore":21,"minecraft:stone":47,"minecraft:oak_leaves":20},"minecraft:dropped":{"minecraft:wheat_seeds":1,"minecraft:stone_sword":1,"minecraft:dirt":20,"minecraft:torch":1,"minecraft:cornflower":2,"minecraft:oak_sapling":3,"gravestone:obituary":3,"pfm:furniture_book":1,"minecraft:wooden_pickaxe":1},"minecraft:custom":{"minecraft:interact_with_furnace":10,"minecraft:mob_kills":39,"minecraft:interact_with_crafting_table":7,"minecraft:leave_game":2,"minecraft:time_since_death":5683,"minecraft:sleep_in_bed":1,"minecraft:climb_one_cm":124,"minecraft:time_since_rest":2715,"minecraft:sprint_one_cm":282719,"minecraft:damage_taken":1040,"minecraft:walk_one_cm":160834,"minecraft:drop":13,"minecraft:damage_dealt":4688,"minecraft:swim_one_cm":835,"minecraft:damage_dealt_absorbed":40,"minecraft:talked_to_villager":5,"minecraft:fly_one_cm":143330,"minecraft:open_chest":7,"minecraft:crouch_one_cm":404,"minecraft:play_time":43412,"minecraft:deaths":2,"minecraft:sneak_time":198,"minecraft:walk_under_water_one_cm":444,"minecraft:jump":660,"minecraft:walk_on_water_one_cm":251,"minecraft:total_world_time":43412,"minecraft:fall_one_cm":19691,"minecraft:horse_one_cm":2393},"minecraft:used":{"minecraft:cooked_mutton":2,"morevillagers:woodworking_table":1,"minecraft:stone_sword":165,"minecraft:stone_pickaxe":25,"minecraft:ender_pearl":1,"minecraft:wooden_pickaxe":53,"minecraft:cooked_chicken":4,"minecraft:torch":6,"minecraft:crafting_table":3,"minecraft:snowball":22,"minecraft:string":2,"minecraft:wooden_sword":61,"minecraft:cobblestone":6,"minecraft:furnace":2,"minecraft:yellow_bed":1,"minecraft:cooked_beef":6},"minecraft:crafted":{"minecraft:cooked_beef":3,"minecraft:wooden_sword":1,"minecraft:oak_planks":60,"minecraft:cooked_porkchop":1,"minecraft:crafting_table":3,"minecraft:wooden_pickaxe":1,"minecraft:cooked_chicken":4,"minecraft:furnace":1,"minecraft:cooked_mutton":2,"minecraft:air":0,"minecraft:stick":8,"minecraft:stone_pickaxe":1,"minecraft:stone_sword":1,"minecraft:torch":8},"minecraft:picked_up":{"minecraft:crafting_table":1,"minecraft:feather":7,"minecraft:cooked_beef":3,"minecraft:chicken":4,"minecraft:leather":7,"minecraft:wooden_pickaxe":1,"morevillagers:woodworking_table":1,"minecraft:oak_log":15,"gravestone:obituary":1,"minecraft:yellow_bed":2,"minecraft:dirt":20,"minecraft:cornflower":2,"minecraft:string":4,"minecraft:wheat_seeds":7,"minecraft:rabbit_hide":1,"minecraft:beef":14,"minecraft:poppy":1,"minecraft:rabbit":2,"minecraft:sugar_cane":12,"minecraft:oak_planks":4,"minecraft:egg":1,"minecraft:furnace":1,"minecraft:torch":7,"minecraft:porkchop":17,"minecraft:carrot":1,"minecraft:spider_eye":1,"minecraft:stone_sword":1,"minecraft:rotten_flesh":6,"minecraft:oak_sapling":3,"minecraft:mutton":8,"minecraft:coal":21,"minecraft:snowball":22,"minecraft:white_wool":6,"minecraft:cobblestone":48}},"DataVersion":3465}