{"stats":{"minecraft:killed_by":{"minecraft:skeleton":1},"minecraft:mined":{"minecraft:acacia_leaves":3,"minecraft:crafting_table":1,"minecraft:grass":33,"minecraft:acacia_log":15,"minecraft:grass_block":1,"minecraft:oak_log":4,"minecraft:tall_grass":3,"minecraft:stone":10},"minecraft:used":{"minecraft:wooden_pickaxe":12,"minecraft:wooden_sword":30,"minecraft:crafting_table":2,"minecraft:egg":1},"minecraft:crafted":{"minecraft:wooden_sword":1,"minecraft:oak_planks":8,"minecraft:crafting_table":1,"minecraft:stick":4,"minecraft:wooden_pickaxe":1,"minecraft:acacia_planks":4},"minecraft:picked_up":{"minecraft:crafting_table":1,"minecraft:stick":1,"minecraft:chicken":2,"minecraft:acacia_log":15,"minecraft:wooden_pickaxe":1,"minecraft:porkchop":4,"minecraft:oak_log":4,"minecraft:dirt":1,"minecraft:wooden_sword":1,"minecraft:arrow":4,"minecraft:bone":5,"minecraft:acacia_planks":1,"minecraft:wheat_seeds":6,"minecraft:mutton":2,"minecraft:white_wool":1,"minecraft:cobblestone":20,"minecraft:egg":1},"minecraft:custom":{"minecraft:time_since_rest":3553,"minecraft:sprint_one_cm":53183,"minecraft:damage_taken":270,"minecraft:walk_one_cm":38700,"minecraft:mob_kills":6,"minecraft:damage_dealt":698,"minecraft:interact_with_crafting_table":2,"minecraft:fly_one_cm":9862,"minecraft:open_chest":1,"minecraft:play_time":9040,"minecraft:deaths":1,"minecraft:sneak_time":13,"minecraft:jump":109,"minecraft:leave_game":2,"minecraft:time_since_death":3526,"minecraft:total_world_time":9040,"minecraft:fall_one_cm":627},"minecraft:killed":{"minecraft:sheep":1,"minecraft:skeleton":1,"minecraft:zombie":2,"minecraft:pig":1,"minecraft:chicken":1}},"DataVersion":3465}